video_path,label
dataset/rose_p3\mask\user034\andr\PXL_20211130_130416945.LS.mp4,0
dataset/rose_p3\mask\user034\andr\PXL_20211130_130435539.LS.mp4,0
dataset/rose_p3\mask\user034\andr\PXL_20211130_130554624.LS.mp4,0
dataset/rose_p3\mask\user034\andr\PXL_20211130_130603144.LS.mp4,0
dataset/rose_p3\mask\user034\andr\PXL_20211130_130617755.LS.mp4,0
dataset/rose_p3\mask\user034\andr\PXL_20211130_130624006.LS.mp4,0
dataset/rose_p3\mask\user034\andr\PXL_20211130_130733979.LS.mp4,0
dataset/rose_p3\mask\user034\andr\PXL_20211130_130747703.LS.mp4,0
dataset/rose_p3\mask\user034\andr\PXL_20211130_130756857.LS.mp4,0
dataset/rose_p3\mask\user034\andr\PXL_20211130_130823414.LS.mp4,0
dataset/rose_p3\mask\user034\andr\PXL_20211130_130927853.LS.mp4,0
dataset/rose_p3\mask\user034\andr\PXL_20211130_130937008.LS.mp4,0
dataset/rose_p3\mask\user034\andr\PXL_20211130_131037996.LS.mp4,0
dataset/rose_p3\mask\user034\andr\PXL_20211130_131100227.LS.mp4,0
dataset/rose_p3\mask\user034\andr\PXL_20211130_131212447.LS.mp4,0
dataset/rose_p3\mask\user034\andr\PXL_20211130_131219717.LS.mp4,0
dataset/rose_p3\mask\user034\andr\PXL_20211130_131227306.LS.mp4,0
dataset/rose_p3\mask\user034\andr\PXL_20211130_131253206.LS.mp4,0
dataset/rose_p3\mask\user034\andr\PXL_20211130_131355762.LS.mp4,0
dataset/rose_p3\mask\user034\andr\PXL_20211130_131415891.LS.mp4,0
dataset/rose_p3\mask\user034\andr\PXL_20211130_131424904.LS.mp4,0
dataset/rose_p3\mask\user034\andr\PXL_20211130_131452029.LS.mp4,0
dataset/rose_p3\mask\user034\andr\PXL_20211130_131601000.LS.mp4,0
dataset/rose_p3\mask\user034\andr\PXL_20211130_131622163.LS.mp4,0
dataset/rose_p3\mask\user034\andr\PXL_20211130_131942397.LS.mp4,0
dataset/rose_p3\mask\user034\andr\PXL_20211130_131954002.LS.mp4,0
dataset/rose_p3\mask\user034\andr\PXL_20211130_132144159.LS.mp4,0
dataset/rose_p3\mask\user034\andr\PXL_20211130_132152030.LS.mp4,0
dataset/rose_p3\mask\user034\andr\PXL_20211130_132200903.LS.mp4,0
dataset/rose_p3\mask\user034\andr\PXL_20211130_132230686.LS.mp4,0
dataset/rose_p3\mask\user034\andr\PXL_20211130_132504971.LS.mp4,0
dataset/rose_p3\mask\user034\andr\PXL_20211130_132512442.LS.mp4,0
dataset/rose_p3\mask\user034\andr\PXL_20211130_132520895.LS.mp4,0
dataset/rose_p3\mask\user034\andr\PXL_20211130_132657517.mp4,0
dataset/rose_p3\mask\user034\andr\PXL_20211130_133109763.LS.mp4,0
dataset/rose_p3\mask\user034\andr\PXL_20211130_133118916.LS.mp4,0
dataset/rose_p3\mask\user034\andr\PXL_20211130_133154415.LS.mp4,0
dataset/rose_p3\mask\user034\andr\PXL_20211130_133203471.LS.mp4,0
dataset/rose_p3\mask\user034\andr\PXL_20211130_133321210.LS.mp4,0
dataset/rose_p3\mask\user034\andr\PXL_20211130_133329495.LS.mp4,0
dataset/rose_p3\mask\user034\andr\PXL_20211130_133337582.LS.mp4,0
dataset/rose_p3\mask\user034\andr\PXL_20211130_133349155.LS.mp4,0
dataset/rose_p3\mask\user034\andr\PXL_20211130_133524098.LS.mp4,0
dataset/rose_p3\mask\user034\andr\PXL_20211130_133533053.LS.mp4,0
dataset/rose_p3\mask\user034\andr\PXL_20211130_133557736.LS.mp4,0
dataset/rose_p3\mask\user034\andr\PXL_20211130_133615259.LS.mp4,0
dataset/rose_p3\mask\user034\andr\PXL_20211130_134315802.LS.mp4,0
dataset/rose_p3\mask\user034\andr\PXL_20211130_134324186.LS.mp4,0
dataset/rose_p3\mask\user034\andr\PXL_20211130_134342653.LS.mp4,0
dataset/rose_p3\mask\user034\andr\PXL_20211130_134352371.LS.mp4,0
dataset/rose_p3\mask\user034\andr\PXL_20211130_134458594.LS.mp4,0
dataset/rose_p3\mask\user034\andr\PXL_20211130_134506678.LS.mp4,0
dataset/rose_p3\mask\user034\andr\PXL_20211130_134513881.LS.mp4,0
dataset/rose_p3\mask\user034\andr\PXL_20211130_134527782.LS.mp4,0
dataset/rose_p3\mask\user034\andr\PXL_20211130_134623936.LS.mp4,0
dataset/rose_p3\mask\user034\andr\PXL_20211130_134640971.LS.mp4,0
dataset/rose_p3\mask\user034\andr\PXL_20211130_134649689.LS.mp4,0
dataset/rose_p3\mask\user034\andr\PXL_20211130_134658774.LS.mp4,0
dataset/rose_p3\mask\user034\andr\PXL_20211130_134851043.LS.mp4,0
dataset/rose_p3\mask\user034\andr\PXL_20211130_134858562.LS.mp4,0
dataset/rose_p3\mask\user034\andr\PXL_20211130_134922385.LS.mp4,0
dataset/rose_p3\mask\user034\andr\PXL_20211130_134929735.LS.mp4,0
dataset/rose_p3\mask\user034\andr\PXL_20211130_135042635.LS.mp4,0
dataset/rose_p3\mask\user034\andr\PXL_20211130_135050306.LS.mp4,0
dataset/rose_p3\mask\user034\andr\PXL_20211130_135058392.LS.mp4,0
dataset/rose_p3\mask\user034\andr\PXL_20211130_135108512.LS.mp4,0
dataset/rose_p3\mask\user034\andr\PXL_20211130_135225750.LS.mp4,0
dataset/rose_p3\mask\user034\andr\PXL_20211130_135251995.LS.mp4,0
dataset/rose_p3\mask\user034\andr\PXL_20211130_135303931.LS.mp4,0
dataset/rose_p3\mask\user034\andr\PXL_20211130_135316201.LS.mp4,0
dataset/rose_p3\mask\user034\andr\PXL_20211130_135501934.LS.mp4,0
dataset/rose_p3\mask\user034\andr\PXL_20211130_135511656.LS.mp4,0
dataset/rose_p3\mask\user034\andr\PXL_20211130_135525540.LS.mp4,0
dataset/rose_p3\mask\user034\andr\PXL_20211130_140203329.LS.mp4,0
dataset/rose_p3\mask\user034\andr\PXL_20211130_140311340.LS.mp4,0
dataset/rose_p3\mask\user034\andr\PXL_20211130_140320658.LS.mp4,0
dataset/rose_p3\mask\user034\andr\PXL_20211130_140353650.LS.mp4,0
dataset/rose_p3\mask\user034\andr\PXL_20211130_140401513.LS.mp4,0
dataset/rose_p3\mask\user034\andr\PXL_20211130_140607044.LS.mp4,0
dataset/rose_p3\mask\user034\andr\PXL_20211130_140616494.LS.mp4,0
dataset/rose_p3\mask\user034\andr\PXL_20211130_140625327.LS.mp4,0
dataset/rose_p3\mask\user034\andr\PXL_20211130_140700034.LS.mp4,0
dataset/rose_p3\mask\user034\andr\PXL_20211130_140759523.LS.mp4,0
dataset/rose_p3\mask\user034\andr\PXL_20211130_140826042.LS.mp4,0
dataset/rose_p3\mask\user034\andr\PXL_20211130_140835428.LS.mp4,0
dataset/rose_p3\mask\user034\andr\PXL_20211130_140845745.LS.mp4,0
dataset/rose_p3\mask\user034\andr\PXL_20211130_141813549.LS.mp4,0
dataset/rose_p3\mask\user034\andr\PXL_20211130_141823450.LS.mp4,0
dataset/rose_p3\mask\user034\andr\PXL_20211130_141850781.LS.mp4,0
dataset/rose_p3\mask\user034\andr\PXL_20211130_141900598.LS.mp4,0
dataset/rose_p3\mask\user034\andr\PXL_20211130_142012991.LS.mp4,0
dataset/rose_p3\mask\user034\andr\PXL_20211130_142039159.LS.mp4,0
dataset/rose_p3\mask\user034\andr\PXL_20211130_142059757.LS.mp4,0
dataset/rose_p3\mask\user034\andr\PXL_20211130_142123888.LS.mp4,0
dataset/rose_p3\mask\user034\andr\PXL_20211130_142301844.LS.mp4,0
dataset/rose_p3\mask\user034\andr\PXL_20211130_142310712.LS.mp4,0
dataset/rose_p3\mask\user034\andr\PXL_20211130_142329847.LS.mp4,0
dataset/rose_p3\mask\user034\andr\PXL_20211130_142339384.LS.mp4,0
dataset/rose_p3\mask\user034\ios\1638265480_0.0017_False.mp4,0
dataset/rose_p3\mask\user034\ios\1638265490_0.0029_False.mp4,0
dataset/rose_p3\mask\user034\ios\1638265543_0.0004_False.mp4,0
dataset/rose_p3\mask\user034\ios\1638265566_0.0011_False.mp4,0
dataset/rose_p3\mask\user034\ios\1638265575_0.0013_False.mp4,0
dataset/rose_p3\mask\user034\ios\1638265608_0.0005_False.mp4,0
dataset/rose_p3\mask\user034\ios\1638265720_0.0003_False.mp4,0
dataset/rose_p3\mask\user034\ios\1638265734_0.0002_False.mp4,0
dataset/rose_p3\mask\user034\ios\1638265753_0.0003_False.mp4,0
dataset/rose_p3\mask\user034\ios\1638265769_0.0003_False.mp4,0
dataset/rose_p3\mask\user034\ios\1638265896_0.0005_False.mp4,0
dataset/rose_p3\mask\user034\ios\1638265926_0.0007_False.mp4,0
dataset/rose_p3\mask\user034\ios\1638265943_0.0002_False.mp4,0
dataset/rose_p3\mask\user034\ios\1638265957_0.0006_False.mp4,0
dataset/rose_p3\mask\user034\ios\1638267262_0.0005_False.mp4,0
dataset/rose_p3\mask\user034\ios\1638267290_0.0004_False.mp4,0
dataset/rose_p3\mask\user034\ios\1638267320_0.0006_False.mp4,0
dataset/rose_p3\mask\user034\ios\1638267340_0.0004_False.mp4,0
dataset/rose_p3\mask\user034\ios\1638267482_0.0018_False.mp4,0
dataset/rose_p3\mask\user034\ios\1638267515_0.0027_False.mp4,0
dataset/rose_p3\mask\user034\ios\1638267561_0.0158_False.mp4,0
dataset/rose_p3\mask\user034\ios\1638267580_0.0007_False.mp4,0
dataset/rose_p3\mask\user034\ios\1638267661_0.0003_False.mp4,0
dataset/rose_p3\mask\user034\ios\1638267692_0.0003_False.mp4,0
dataset/rose_p3\mask\user034\ios\1638267704_0.0005_False.mp4,0
dataset/rose_p3\mask\user034\ios\1638267718_0.0005_False.mp4,0
dataset/rose_p3\mask\user034\ios\1638268084_0.0029_False.mp4,0
dataset/rose_p3\mask\user034\ios\1638268124_0.0032_False.mp4,0
dataset/rose_p3\mask\user034\ios\1638268153_0.0053_False.mp4,0
dataset/rose_p3\mask\user034\ios\1638268171_0.0028_False.mp4,0
dataset/rose_p3\mask\user034\ios\1638268327_0.0005_False.mp4,0
dataset/rose_p3\mask\user034\ios\1638268354_0.0009_False.mp4,0
dataset/rose_p3\mask\user034\ios\1638268368_0.0048_False.mp4,0
dataset/rose_p3\mask\user034\ios\1638268387_0.0029_False.mp4,0
dataset/rose_p3\mask\user034\ios\1638268484_0.0011_False.mp4,0
dataset/rose_p3\mask\user034\ios\1638268496_0.0015_False.mp4,0
dataset/rose_p3\mask\user034\ios\1638268523_0.0038_False.mp4,0
dataset/rose_p3\mask\user034\ios\1638268535_0.0463_False.mp4,0
dataset/rose_p3\mask\user034\ios\1638268746_0.8596_False.mp4,0
dataset/rose_p3\mask\user034\ios\1638268759_0.2459_False.mp4,0
dataset/rose_p3\mask\user034\ios\1638268836_0.0105_False.mp4,0
dataset/rose_p3\mask\user034\ios\1638268856_0.0013_False.mp4,0
dataset/rose_p3\mask\user034\ios\1638268971_0.8836_False.mp4,0
dataset/rose_p3\mask\user034\ios\1638268986_0.8507_False.mp4,0
dataset/rose_p3\mask\user034\ios\1638269171_0.0003_False.mp4,0
dataset/rose_p3\mask\user034\ios\1638269191_0.0011_False.mp4,0
dataset/rose_p3\mask\user034\ios\1638269377_0.0172_False.mp4,0
dataset/rose_p3\mask\user034\ios\1638269389_0.0005_False.mp4,0
dataset/rose_p3\mask\user034\ios\1638269401_0.0009_False.mp4,0
dataset/rose_p3\mask\user034\ios\1638269420_0.0149_False.mp4,0
dataset/rose_p3\mask\user034\ios\1638269490_0.0012_False.mp4,0
dataset/rose_p3\mask\user034\ios\1638269509_0.0040_False.mp4,0
dataset/rose_p3\mask\user034\ios\1638269523_0.0015_False.mp4,0
dataset/rose_p3\mask\user034\ios\1638269535_0.0084_False.mp4,0
dataset/rose_p3\mask\user034\ios\1638269616_0.0039_False.mp4,0
dataset/rose_p3\mask\user034\ios\1638269631_0.0007_False.mp4,0
dataset/rose_p3\mask\user034\ios\1638269656_0.0010_False.mp4,0
dataset/rose_p3\mask\user034\ios\1638269675_0.0253_False.mp4,0
dataset/rose_p3\mask\user034\ios\1638269900_0.0136_False.mp4,0
dataset/rose_p3\mask\user034\ios\1638269902_0.0056_False.mp4,0
dataset/rose_p3\mask\user034\ios\1638269914_0.0013_False.mp4,0
dataset/rose_p3\mask\user034\ios\1638269923_0.0131_False.mp4,0
dataset/rose_p3\mask\user034\ios\1638270008_0.0652_False.mp4,0
dataset/rose_p3\mask\user034\ios\1638270020_0.0837_False.mp4,0
dataset/rose_p3\mask\user034\ios\1638270035_0.0043_False.mp4,0
dataset/rose_p3\mask\user034\ios\1638270049_0.0657_False.mp4,0
dataset/rose_p3\mask\user034\ios\1638270153_0.0050_False.mp4,0
dataset/rose_p3\mask\user034\ios\1638270163_0.0110_False.mp4,0
dataset/rose_p3\mask\user034\ios\1638270169_0.0031_False.mp4,0
dataset/rose_p3\mask\user034\ios\1638270171_0.0716_False.mp4,0
dataset/rose_p3\mask\user034\ios\1638270425_0.1280_False.mp4,0
dataset/rose_p3\mask\user034\ios\1638270434_0.1024_False.mp4,0
dataset/rose_p3\mask\user034\ios\1638270468_0.6702_False.mp4,0
dataset/rose_p3\mask\user034\ios\1638270480_0.7545_False.mp4,0
dataset/rose_p3\mask\user034\ios\1638270596_0.5777_False.mp4,0
dataset/rose_p3\mask\user034\ios\1638270605_0.4048_False.mp4,0
dataset/rose_p3\mask\user034\ios\1638270617_0.5027_False.mp4,0
dataset/rose_p3\mask\user034\ios\1638270630_0.1129_False.mp4,0
dataset/rose_p3\mask\user034\ios\1638270718_0.0901_False.mp4,0
dataset/rose_p3\mask\user034\ios\1638270730_0.3936_False.mp4,0
dataset/rose_p3\mask\user034\ios\1638270777_0.0348_False.mp4,0
dataset/rose_p3\mask\user034\ios\1638270790_0.0672_False.mp4,0
dataset/rose_p3\mask\user034\ios\1638270860_0.2358_False.mp4,0
dataset/rose_p3\mask\user034\ios\1638270885_0.8274_False.mp4,0
dataset/rose_p3\mask\user034\ios\1638271125_0.8822_False.mp4,0
dataset/rose_p3\mask\user034\ios\1638271140_0.0130_False.mp4,0
dataset/rose_p3\mask\user034\ios\1638271193_0.0137_False.mp4,0
dataset/rose_p3\mask\user034\ios\1638271230_0.0208_False.mp4,0
dataset/rose_p3\mask\user034\ios\1638271242_0.0027_False.mp4,0
dataset/rose_p3\mask\user034\ios\1638271253_0.0009_False.mp4,0
dataset/rose_p3\mask\user034\ios\1638271422_0.1912_False.mp4,0
dataset/rose_p3\mask\user034\ios\1638271435_0.0147_False.mp4,0
dataset/rose_p3\mask\user034\ios\1638271452_0.0969_False.mp4,0
dataset/rose_p3\mask\user034\ios\1638271482_0.0038_False.mp4,0
dataset/rose_p3\mask\user034\ios\1638271596_0.0214_False.mp4,0
dataset/rose_p3\mask\user034\ios\1638271629_0.0048_False.mp4,0
dataset/rose_p3\mask\user034\ios\1638271645_0.1213_False.mp4,0
dataset/rose_p3\mask\user034\ios\1638271658_0.0301_False.mp4,0
dataset/rose_p3\mask\user034\ios\1638273231_0.0009_False.mp4,0
dataset/rose_p3\mask\user034\ios\1638273249_0.0378_False.mp4,0
dataset/rose_p3\mask\user034\ios\1638273277_0.0010_False.mp4,0
dataset/rose_p3\mask\user034\ios\1638273291_0.3833_False.mp4,0
dataset/rose_p3\mask\user035\andr\PXL_20211130_094527809.mp4,0
dataset/rose_p3\mask\user035\andr\PXL_20211130_094600590.mp4,0
dataset/rose_p3\mask\user035\andr\PXL_20211130_094708610.mp4,0
dataset/rose_p3\mask\user035\andr\PXL_20211130_094721805.mp4,0
dataset/rose_p3\mask\user035\andr\PXL_20211130_094734543.mp4,0
dataset/rose_p3\mask\user035\andr\PXL_20211130_094756929.mp4,0
dataset/rose_p3\mask\user035\andr\PXL_20211130_094921146.mp4,0
dataset/rose_p3\mask\user035\andr\PXL_20211130_094928911.mp4,0
dataset/rose_p3\mask\user035\andr\PXL_20211130_094942850.mp4,0
dataset/rose_p3\mask\user035\andr\PXL_20211130_094952198.mp4,0
dataset/rose_p3\mask\user035\andr\PXL_20211130_095101148.mp4,0
dataset/rose_p3\mask\user035\andr\PXL_20211130_095110807.mp4,0
dataset/rose_p3\mask\user035\andr\PXL_20211130_101344399.mp4,0
dataset/rose_p3\mask\user035\andr\PXL_20211130_101421668.mp4,0
dataset/rose_p3\mask\user035\andr\PXL_20211130_101626866.mp4,0
dataset/rose_p3\mask\user035\andr\PXL_20211130_101649760.mp4,0
dataset/rose_p3\mask\user035\andr\PXL_20211130_101702750.mp4,0
dataset/rose_p3\mask\user035\andr\PXL_20211130_101728006.mp4,0
dataset/rose_p3\mask\user035\andr\PXL_20211130_101927705.mp4,0
dataset/rose_p3\mask\user035\andr\PXL_20211130_101946877.mp4,0
dataset/rose_p3\mask\user035\andr\PXL_20211130_101958847.mp4,0
dataset/rose_p3\mask\user035\andr\PXL_20211130_102027563.mp4,0
dataset/rose_p3\mask\user035\andr\PXL_20211130_102158014.mp4,0
dataset/rose_p3\mask\user035\andr\PXL_20211130_102215923.mp4,0
dataset/rose_p3\mask\user035\andr\PXL_20211130_102743082.mp4,0
dataset/rose_p3\mask\user035\andr\PXL_20211130_102809709.mp4,0
dataset/rose_p3\mask\user035\andr\PXL_20211130_102955798.mp4,0
dataset/rose_p3\mask\user035\andr\PXL_20211130_103024420.mp4,0
dataset/rose_p3\mask\user035\andr\PXL_20211130_103039162.mp4,0
dataset/rose_p3\mask\user035\andr\PXL_20211130_103121894.mp4,0
dataset/rose_p3\mask\user035\andr\PXL_20211130_103253309.mp4,0
dataset/rose_p3\mask\user035\andr\PXL_20211130_103312437.mp4,0
dataset/rose_p3\mask\user035\andr\PXL_20211130_103327849.mp4,0
dataset/rose_p3\mask\user035\andr\PXL_20211130_103402886.mp4,0
dataset/rose_p3\mask\user035\andr\PXL_20211130_103532134.mp4,0
dataset/rose_p3\mask\user035\andr\PXL_20211130_103750418.mp4,0
dataset/rose_p3\mask\user035\andr\PXL_20211130_103815251.mp4,0
dataset/rose_p3\mask\user035\andr\PXL_20211130_103836341.mp4,0
dataset/rose_p3\mask\user035\andr\PXL_20211130_104009390.mp4,0
dataset/rose_p3\mask\user035\andr\PXL_20211130_104023537.mp4,0
dataset/rose_p3\mask\user035\andr\PXL_20211130_104041645.mp4,0
dataset/rose_p3\mask\user035\andr\PXL_20211130_104101797.mp4,0
dataset/rose_p3\mask\user035\andr\PXL_20211130_104314783.mp4,0
dataset/rose_p3\mask\user035\andr\PXL_20211130_104337427.mp4,0
dataset/rose_p3\mask\user035\andr\PXL_20211130_104401340.mp4,0
dataset/rose_p3\mask\user035\andr\PXL_20211130_104420979.mp4,0
dataset/rose_p3\mask\user035\andr\PXL_20211130_104540883.mp4,0
dataset/rose_p3\mask\user035\andr\PXL_20211130_104841509.mp4,0
dataset/rose_p3\mask\user035\andr\PXL_20211130_104852450.mp4,0
dataset/rose_p3\mask\user035\andr\PXL_20211130_104905317.mp4,0
dataset/rose_p3\mask\user035\andr\PXL_20211130_105002647.mp4,0
dataset/rose_p3\mask\user035\andr\PXL_20211130_105018100.mp4,0
dataset/rose_p3\mask\user035\andr\PXL_20211130_105030982.mp4,0
dataset/rose_p3\mask\user035\andr\PXL_20211130_105040118.mp4,0
dataset/rose_p3\mask\user035\andr\PXL_20211130_105140140.mp4,0
dataset/rose_p3\mask\user035\andr\PXL_20211130_105152882.mp4,0
dataset/rose_p3\mask\user035\andr\PXL_20211130_105201921.mp4,0
dataset/rose_p3\mask\user035\andr\PXL_20211130_105211087.mp4,0
dataset/rose_p3\mask\user035\andr\PXL_20211130_105259752.mp4,0
dataset/rose_p3\mask\user035\andr\PXL_20211130_105725901.mp4,0
dataset/rose_p3\mask\user035\andr\PXL_20211130_105748921.mp4,0
dataset/rose_p3\mask\user035\andr\PXL_20211130_105810497.mp4,0
dataset/rose_p3\mask\user035\andr\PXL_20211130_110009424.mp4,0
dataset/rose_p3\mask\user035\andr\PXL_20211130_110022958.mp4,0
dataset/rose_p3\mask\user035\andr\PXL_20211130_110039330.mp4,0
dataset/rose_p3\mask\user035\andr\PXL_20211130_110100436.mp4,0
dataset/rose_p3\mask\user035\andr\PXL_20211130_110241864.mp4,0
dataset/rose_p3\mask\user035\andr\PXL_20211130_110253133.mp4,0
dataset/rose_p3\mask\user035\andr\PXL_20211130_110315847.mp4,0
dataset/rose_p3\mask\user035\andr\PXL_20211130_110334990.mp4,0
dataset/rose_p3\mask\user035\andr\PXL_20211130_110529549.mp4,0
dataset/rose_p3\mask\user035\andr\PXL_20211130_110649595.mp4,0
dataset/rose_p3\mask\user035\andr\PXL_20211130_110715254.mp4,0
dataset/rose_p3\mask\user035\andr\PXL_20211130_110735829.mp4,0
dataset/rose_p3\mask\user035\andr\PXL_20211130_111027565.mp4,0
dataset/rose_p3\mask\user035\andr\PXL_20211130_111041175.mp4,0
dataset/rose_p3\mask\user035\andr\PXL_20211130_111102009.mp4,0
dataset/rose_p3\mask\user035\andr\PXL_20211130_111121512.mp4,0
dataset/rose_p3\mask\user035\andr\PXL_20211130_111303239.mp4,0
dataset/rose_p3\mask\user035\andr\PXL_20211130_111321068.mp4,0
dataset/rose_p3\mask\user035\andr\PXL_20211130_111337943.mp4,0
dataset/rose_p3\mask\user035\andr\PXL_20211130_111402317.mp4,0
dataset/rose_p3\mask\user035\andr\PXL_20211130_111532154.mp4,0
dataset/rose_p3\mask\user035\andr\PXL_20211130_111542461.mp4,0
dataset/rose_p3\mask\user035\andr\PXL_20211130_111603099.mp4,0
dataset/rose_p3\mask\user035\andr\PXL_20211130_111626883.mp4,0
dataset/rose_p3\mask\user035\andr\PXL_20211130_111913183.mp4,0
dataset/rose_p3\mask\user035\andr\PXL_20211130_111923881.mp4,0
dataset/rose_p3\mask\user035\andr\PXL_20211130_111941333.mp4,0
dataset/rose_p3\mask\user035\andr\PXL_20211130_112010032.mp4,0
dataset/rose_p3\mask\user035\andr\PXL_20211130_112152747.mp4,0
dataset/rose_p3\mask\user035\andr\PXL_20211130_112226488.mp4,0
dataset/rose_p3\mask\user035\andr\PXL_20211130_112244557.mp4,0
dataset/rose_p3\mask\user035\andr\PXL_20211130_112301355.mp4,0
dataset/rose_p3\mask\user035\andr\PXL_20211130_112407481.mp4,0
dataset/rose_p3\mask\user035\andr\PXL_20211130_112437500.mp4,0
dataset/rose_p3\mask\user035\andr\PXL_20211130_112507160.mp4,0
dataset/rose_p3\mask\user035\andr\PXL_20211130_112521229.mp4,0
dataset/rose_p3\mask\user035\ios\1638277473_0.0965_False.mp4,0
dataset/rose_p3\mask\user035\ios\1638277484_0.8322_False.mp4,0
dataset/rose_p3\mask\user035\ios\1638277537_0.0228_False.mp4,0
dataset/rose_p3\mask\user035\ios\1638277549_0.0005_False.mp4,0
dataset/rose_p3\mask\user035\ios\1638277566_0.0062_False.mp4,0
dataset/rose_p3\mask\user035\ios\1638277577_0.6800_False.mp4,0
dataset/rose_p3\mask\user035\ios\1638277642_0.8509_False.mp4,0
dataset/rose_p3\mask\user035\ios\1638277649_0.0077_False.mp4,0
dataset/rose_p3\mask\user035\ios\1638277652_0.0180_False.mp4,0
dataset/rose_p3\mask\user035\ios\1638277667_0.0060_False.mp4,0
dataset/rose_p3\mask\user035\ios\1638277729_0.0136_False.mp4,0
dataset/rose_p3\mask\user035\ios\1638277739_0.4421_False.mp4,0
dataset/rose_p3\mask\user035\ios\1638277748_0.0013_False.mp4,0
dataset/rose_p3\mask\user035\ios\1638277837_0.0012_False.mp4,0
dataset/rose_p3\mask\user035\ios\1638277924_0.9476_True.mp4,0
dataset/rose_p3\mask\user035\ios\1638277944_0.9784_True.mp4,0
dataset/rose_p3\mask\user035\ios\1638277967_0.0573_False.mp4,0
dataset/rose_p3\mask\user035\ios\1638277981_0.0540_False.mp4,0
dataset/rose_p3\mask\user035\ios\1638278061_0.9353_True.mp4,0
dataset/rose_p3\mask\user035\ios\1638278079_0.0073_False.mp4,0
dataset/rose_p3\mask\user035\ios\1638278096_0.0244_False.mp4,0
dataset/rose_p3\mask\user035\ios\1638278114_0.2620_False.mp4,0
dataset/rose_p3\mask\user035\ios\1638278222_0.9843_True.mp4,0
dataset/rose_p3\mask\user035\ios\1638278243_0.4787_False.mp4,0
dataset/rose_p3\mask\user035\ios\1638278259_0.0395_False.mp4,0
dataset/rose_p3\mask\user035\ios\1638278393_0.0780_False.mp4,0
dataset/rose_p3\mask\user035\ios\1638278476_0.9857_True.mp4,0
dataset/rose_p3\mask\user035\ios\1638278495_0.9861_True.mp4,0
dataset/rose_p3\mask\user035\ios\1638278515_0.6610_False.mp4,0
dataset/rose_p3\mask\user035\ios\1638278544_0.1214_False.mp4,0
dataset/rose_p3\mask\user035\ios\1638278633_0.7537_False.mp4,0
dataset/rose_p3\mask\user035\ios\1638278650_0.8838_False.mp4,0
dataset/rose_p3\mask\user035\ios\1638278663_0.0475_False.mp4,0
dataset/rose_p3\mask\user035\ios\1638278675_0.0288_False.mp4,0
dataset/rose_p3\mask\user035\ios\1638279078_0.9864_True.mp4,0
dataset/rose_p3\mask\user035\ios\1638279098_0.9872_True.mp4,0
dataset/rose_p3\mask\user035\ios\1638279115_0.9618_True.mp4,0
dataset/rose_p3\mask\user035\ios\1638279140_0.9426_True.mp4,0
dataset/rose_p3\mask\user035\ios\1638279212_0.9760_True.mp4,0
dataset/rose_p3\mask\user035\ios\1638279226_0.0540_False.mp4,0
dataset/rose_p3\mask\user035\ios\1638279240_0.9595_True.mp4,0
dataset/rose_p3\mask\user035\ios\1638279250_0.9684_True.mp4,0
dataset/rose_p3\mask\user035\ios\1638279319_0.9000_False.mp4,0
dataset/rose_p3\mask\user035\ios\1638279332_0.8772_False.mp4,0
dataset/rose_p3\mask\user035\ios\1638279348_0.9439_True.mp4,0
dataset/rose_p3\mask\user035\ios\1638279359_0.8578_False.mp4,0
dataset/rose_p3\mask\user035\ios\1638279793_0.1169_False.mp4,0
dataset/rose_p3\mask\user035\ios\1638279807_0.9446_True.mp4,0
dataset/rose_p3\mask\user035\ios\1638279820_0.8717_False.mp4,0
dataset/rose_p3\mask\user035\ios\1638279833_0.8674_False.mp4,0
dataset/rose_p3\mask\user035\ios\1638279895_0.8937_False.mp4,0
dataset/rose_p3\mask\user035\ios\1638279906_0.9769_True.mp4,0
dataset/rose_p3\mask\user035\ios\1638279917_0.9820_True.mp4,0
dataset/rose_p3\mask\user035\ios\1638279937_0.0687_False.mp4,0
dataset/rose_p3\mask\user035\ios\1638279986_0.9358_True.mp4,0
dataset/rose_p3\mask\user035\ios\1638279997_0.1000_False.mp4,0
dataset/rose_p3\mask\user035\ios\1638280006_0.5331_False.mp4,0
dataset/rose_p3\mask\user035\ios\1638280016_0.0056_False.mp4,0
dataset/rose_p3\mask\user035\ios\1638280152_0.8859_False.mp4,0
dataset/rose_p3\mask\user035\ios\1638280171_0.8637_False.mp4,0
dataset/rose_p3\mask\user035\ios\1638280191_0.9739_True.mp4,0
dataset/rose_p3\mask\user035\ios\1638280204_0.8548_False.mp4,0
dataset/rose_p3\mask\user035\ios\1638280283_0.3990_False.mp4,0
dataset/rose_p3\mask\user035\ios\1638280300_0.8251_False.mp4,0
dataset/rose_p3\mask\user035\ios\1638280316_0.9243_True.mp4,0
dataset/rose_p3\mask\user035\ios\1638280334_0.4092_False.mp4,0
dataset/rose_p3\mask\user035\ios\1638280451_0.9198_True.mp4,0
dataset/rose_p3\mask\user035\ios\1638280479_0.9260_True.mp4,0
dataset/rose_p3\mask\user035\ios\1638280505_0.9435_True.mp4,0
dataset/rose_p3\mask\user035\ios\1638280526_0.9022_True.mp4,0
dataset/rose_p3\mask\user035\ios\1638281017_0.9858_True.mp4,0
dataset/rose_p3\mask\user035\ios\1638281037_0.2009_False.mp4,0
dataset/rose_p3\mask\user035\ios\1638281065_0.9189_True.mp4,0
dataset/rose_p3\mask\user035\ios\1638281082_0.6064_False.mp4,0
dataset/rose_p3\mask\user035\ios\1638281178_0.9858_True.mp4,0
dataset/rose_p3\mask\user035\ios\1638281198_0.8758_False.mp4,0
dataset/rose_p3\mask\user035\ios\1638281215_0.9852_True.mp4,0
dataset/rose_p3\mask\user035\ios\1638281236_0.9160_True.mp4,0
dataset/rose_p3\mask\user035\ios\1638281343_0.3917_False.mp4,0
dataset/rose_p3\mask\user035\ios\1638281362_0.9738_True.mp4,0
dataset/rose_p3\mask\user035\ios\1638281381_0.6572_False.mp4,0
dataset/rose_p3\mask\user035\ios\1638281412_0.9860_True.mp4,0
dataset/rose_p3\mask\user035\ios\1638281520_0.9464_True.mp4,0
dataset/rose_p3\mask\user035\ios\1638281544_0.9766_True.mp4,0
dataset/rose_p3\mask\user035\ios\1638281563_0.9849_True.mp4,0
dataset/rose_p3\mask\user035\ios\1638281657_0.9870_True.mp4,0
dataset/rose_p3\mask\user035\ios\1638281866_0.7525_False.mp4,0
dataset/rose_p3\mask\user035\ios\1638281883_0.9790_True.mp4,0
dataset/rose_p3\mask\user035\ios\1638281925_0.9778_True.mp4,0
dataset/rose_p3\mask\user035\ios\1638281941_0.2758_False.mp4,0
dataset/rose_p3\mask\user035\ios\1638282040_0.9226_True.mp4,0
dataset/rose_p3\mask\user035\ios\1638282062_0.9519_True.mp4,0
dataset/rose_p3\mask\user035\ios\1638282094_0.9165_True.mp4,0
dataset/rose_p3\mask\user035\ios\1638282158_0.8349_False.mp4,0
dataset/rose_p3\mask\user035\ios\1638282251_0.9751_True.mp4,0
dataset/rose_p3\mask\user035\ios\1638282276_0.9412_True.mp4,0
dataset/rose_p3\mask\user035\ios\1638282298_0.9861_True.mp4,0
dataset/rose_p3\mask\user035\ios\1638282317_0.9518_True.mp4,0
dataset/rose_p3\mask3d\user034\andr\PXL_20211130_142728056.LS.mp4,0
dataset/rose_p3\mask3d\user034\andr\PXL_20211130_142732656.LS.mp4,0
dataset/rose_p3\mask3d\user034\andr\PXL_20211130_142807187.LS.mp4,0
dataset/rose_p3\mask3d\user034\andr\PXL_20211130_142821155.LS.mp4,0
dataset/rose_p3\mask3d\user034\andr\PXL_20211130_142825903.LS.mp4,0
dataset/rose_p3\mask3d\user034\andr\PXL_20211130_142837338.LS.mp4,0
dataset/rose_p3\mask3d\user034\andr\PXL_20211130_142841887.LS.mp4,0
dataset/rose_p3\mask3d\user034\ios\1638271779_0.0038_False.mp4,0
dataset/rose_p3\mask3d\user034\ios\1638271792_0.0038_False.mp4,0
dataset/rose_p3\mask3d\user034\ios\1638271839_0.0008_False.mp4,0
dataset/rose_p3\mask3d\user034\ios\1638271856_0.0011_False.mp4,0
dataset/rose_p3\mask3d\user034\ios\1638271872_0.0005_False.mp4,0
dataset/rose_p3\mask3d\user034\ios\1638271890_0.0007_False.mp4,0
dataset/rose_p3\mask3d\user034\ios\1638271899_0.0006_False.mp4,0
dataset/rose_p3\mask3d\user035\andr\PXL_20211130_112949408.mp4,0
dataset/rose_p3\mask3d\user035\andr\PXL_20211130_113004035.mp4,0
dataset/rose_p3\mask3d\user035\andr\PXL_20211130_145748314.mp4,0
dataset/rose_p3\mask3d\user035\andr\PXL_20211130_145827137.mp4,0
dataset/rose_p3\mask3d\user035\andr\PXL_20211130_145843363.mp4,0
dataset/rose_p3\mask3d\user035\andr\PXL_20211130_145901213.mp4,0
dataset/rose_p3\mask3d\user035\ios\1638282455_0.0587_False.mp4,0
dataset/rose_p3\mask3d\user035\ios\1638282464_0.0186_False.mp4,0
dataset/rose_p3\mask3d\user035\ios\1638282511_0.1663_False.mp4,0
dataset/rose_p3\mask3d\user035\ios\1638282519_0.1633_False.mp4,0
dataset/rose_p3\mask3d\user035\ios\1638282528_0.1108_False.mp4,0
dataset/rose_p3\mask3d\user035\ios\1638282537_0.2107_False.mp4,0
dataset/rose_p3\monitor\user034\andr\PXL_20211130_150443721.mp4,0
dataset/rose_p3\monitor\user034\andr\PXL_20211130_150449813.mp4,0
dataset/rose_p3\monitor\user034\andr\PXL_20211130_150455538.mp4,0
dataset/rose_p3\monitor\user034\andr\PXL_20211130_150503287.mp4,0
dataset/rose_p3\monitor\user034\andr\PXL_20211130_150509040.mp4,0
dataset/rose_p3\monitor\user034\andr\PXL_20211130_150529934.mp4,0
dataset/rose_p3\monitor\user034\andr\PXL_20211130_150536643.mp4,0
dataset/rose_p3\monitor\user034\andr\PXL_20211130_150542694.mp4,0
dataset/rose_p3\monitor\user034\andr\PXL_20211130_150549664.mp4,0
dataset/rose_p3\monitor\user034\ios\1638283864_0.0002_False.mp4,0
dataset/rose_p3\monitor\user034\ios\1638283875_0.0002_False.mp4,0
dataset/rose_p3\monitor\user034\ios\1638283933_0.0002_False.mp4,0
dataset/rose_p3\monitor\user034\ios\1638283942_0.0002_False.mp4,0
dataset/rose_p3\monitor\user034\ios\1638283960_0.0002_False.mp4,0
dataset/rose_p3\monitor\user034\ios\1638283977_0.0002_False.mp4,0
dataset/rose_p3\monitor\user034\ios\1638285219_0.0002_False.mp4,0
dataset/rose_p3\monitor\user034\ios\1638285236_0.0002_False.mp4,0
dataset/rose_p3\monitor\user034\ios\1638285251_0.0002_False.mp4,0
dataset/rose_p3\monitor\user034\ios\1638285275_0.0002_False.mp4,0
dataset/rose_p3\monitor\user035\andr\PXL_20211130_150112026.mp4,0
dataset/rose_p3\monitor\user035\andr\PXL_20211130_150126584.mp4,0
dataset/rose_p3\monitor\user035\andr\PXL_20211130_150141876.mp4,0
dataset/rose_p3\monitor\user035\andr\PXL_20211130_150208914.mp4,0
dataset/rose_p3\monitor\user035\andr\PXL_20211130_150215538.mp4,0
dataset/rose_p3\monitor\user035\andr\PXL_20211130_150222631.mp4,0
dataset/rose_p3\monitor\user035\andr\PXL_20211130_150229498.mp4,0
dataset/rose_p3\monitor\user035\andr\PXL_20211130_150248713.mp4,0
dataset/rose_p3\monitor\user035\andr\PXL_20211130_150258429.mp4,0
dataset/rose_p3\monitor\user035\andr\PXL_20211130_150304300.mp4,0
dataset/rose_p3\monitor\user035\andr\PXL_20211130_150438248.mp4,0
dataset/rose_p3\monitor\user035\ios\1638283560_0.0005_False.mp4,0
dataset/rose_p3\monitor\user035\ios\1638283570_0.0003_False.mp4,0
dataset/rose_p3\monitor\user035\ios\1638283621_0.0002_False.mp4,0
dataset/rose_p3\monitor\user035\ios\1638283629_0.0002_False.mp4,0
dataset/rose_p3\monitor\user035\ios\1638283641_0.0002_False.mp4,0
dataset/rose_p3\monitor\user035\ios\1638283650_0.0002_False.mp4,0
dataset/rose_p3\monitor\user035\ios\1638283692_0.0002_False.mp4,0
dataset/rose_p3\monitor\user035\ios\1638283700_0.0002_False.mp4,0
dataset/rose_p3\monitor\user035\ios\1638283707_0.0002_False.mp4,0
dataset/rose_p3\monitor\user035\ios\1638283716_0.0003_False.mp4,0
dataset/rose_p3\monitor\user035\ios\1638283780_0.0009_False.mp4,0
dataset/rose_p3\outline\user034\andr\PXL_20211130_124649651.LS.mp4,0
dataset/rose_p3\outline\user034\andr\PXL_20211130_124716594.LS.mp4,0
dataset/rose_p3\outline\user034\andr\PXL_20211130_124859026.LS.mp4,0
dataset/rose_p3\outline\user034\andr\PXL_20211130_124929529.LS.mp4,0
dataset/rose_p3\outline\user034\andr\PXL_20211130_125008117.LS.mp4,0
dataset/rose_p3\outline\user034\andr\PXL_20211130_125041969.LS.mp4,0
dataset/rose_p3\outline\user034\andr\PXL_20211130_125204714.LS.mp4,0
dataset/rose_p3\outline\user034\andr\PXL_20211130_125223542.LS.mp4,0
dataset/rose_p3\outline\user034\andr\PXL_20211130_125224874.LS.mp4,0
dataset/rose_p3\outline\user034\andr\PXL_20211130_125247769.LS.mp4,0
dataset/rose_p3\outline\user034\andr\PXL_20211130_125430074.LS.mp4,0
dataset/rose_p3\outline\user034\andr\PXL_20211130_125445250.LS.mp4,0
dataset/rose_p3\outline\user034\andr\PXL_20211130_125507793.LS.mp4,0
dataset/rose_p3\outline\user034\andr\PXL_20211130_125525284.LS.mp4,0
dataset/rose_p3\outline\user034\ios\1638263794_0.0007_False.mp4,0
dataset/rose_p3\outline\user034\ios\1638263815_0.0005_False.mp4,0
dataset/rose_p3\outline\user034\ios\1638263924_0.0003_False.mp4,0
dataset/rose_p3\outline\user034\ios\1638263933_0.0003_False.mp4,0
dataset/rose_p3\outline\user034\ios\1638263945_0.0003_False.mp4,0
dataset/rose_p3\outline\user034\ios\1638263958_0.0003_False.mp4,0
dataset/rose_p3\outline\user034\ios\1638264031_0.0005_False.mp4,0
dataset/rose_p3\outline\user034\ios\1638264042_0.0008_False.mp4,0
dataset/rose_p3\outline\user034\ios\1638264076_0.0007_False.mp4,0
dataset/rose_p3\outline\user034\ios\1638264108_0.0024_False.mp4,0
dataset/rose_p3\outline\user034\ios\1638264246_0.0126_False.mp4,0
dataset/rose_p3\outline\user034\ios\1638264275_0.0004_False.mp4,0
dataset/rose_p3\outline\user034\ios\1638264301_0.0006_False.mp4,0
dataset/rose_p3\outline\user034\ios\1638264337_0.0003_False.mp4,0
dataset/rose_p3\outline\user034\ios\1638264479_0.0005_False.mp4,0
dataset/rose_p3\outline\user035\andr\PXL_20211130_091628098.mp4,0
dataset/rose_p3\outline\user035\andr\PXL_20211130_091638045.mp4,0
dataset/rose_p3\outline\user035\andr\PXL_20211130_091904828.mp4,0
dataset/rose_p3\outline\user035\andr\PXL_20211130_091919587.mp4,0
dataset/rose_p3\outline\user035\andr\PXL_20211130_091938084.mp4,0
dataset/rose_p3\outline\user035\andr\PXL_20211130_092018986.mp4,0
dataset/rose_p3\outline\user035\andr\PXL_20211130_092158102.mp4,0
dataset/rose_p3\outline\user035\andr\PXL_20211130_092224195.mp4,0
dataset/rose_p3\outline\user035\andr\PXL_20211130_092237907.mp4,0
dataset/rose_p3\outline\user035\andr\PXL_20211130_092250335.mp4,0
dataset/rose_p3\outline\user035\andr\PXL_20211130_092354745.mp4,0
dataset/rose_p3\outline\user035\andr\PXL_20211130_092424581.mp4,0
dataset/rose_p3\outline\user035\andr\PXL_20211130_092434985.mp4,0
dataset/rose_p3\outline\user035\andr\PXL_20211130_092445618.mp4,0
dataset/rose_p3\outline\user035\andr\PXL_20211130_092614728.mp4,0
dataset/rose_p3\outline\user035\ios\1638276445_0.0792_False.mp4,0
dataset/rose_p3\outline\user035\ios\1638276468_0.2328_False.mp4,0
dataset/rose_p3\outline\user035\ios\1638276516_0.1244_False.mp4,0
dataset/rose_p3\outline\user035\ios\1638276526_error_406.mp4,0
dataset/rose_p3\outline\user035\ios\1638276545_0.1151_False.mp4,0
dataset/rose_p3\outline\user035\ios\1638276567_0.0118_False.mp4,0
dataset/rose_p3\outline\user035\ios\1638276624_0.2598_False.mp4,0
dataset/rose_p3\outline\user035\ios\1638276639_0.8572_False.mp4,0
dataset/rose_p3\outline\user035\ios\1638276643_0.0140_False.mp4,0
dataset/rose_p3\outline\user035\ios\1638276649_0.0134_False.mp4,0
dataset/rose_p3\outline\user035\ios\1638276731_0.8747_False.mp4,0
dataset/rose_p3\outline\user035\ios\1638276757_0.9401_True.mp4,0
dataset/rose_p3\outline\user035\ios\1638276781_0.0439_False.mp4,0
dataset/rose_p3\outline\user035\ios\1638276796_0.6038_False.mp4,0
dataset/rose_p3\outline\user035\ios\1638276861_0.3324_False.mp4,0
dataset/rose_p3\outline3d\user034\andr\PXL_20211130_125647375.LS.mp4,0
dataset/rose_p3\outline3d\user034\andr\PXL_20211130_125708352.LS.mp4,0
dataset/rose_p3\outline3d\user034\andr\PXL_20211130_125846874.LS.mp4,0
dataset/rose_p3\outline3d\user034\andr\PXL_20211130_125857481.LS.mp4,0
dataset/rose_p3\outline3d\user034\andr\PXL_20211130_125922281.LS.mp4,0
dataset/rose_p3\outline3d\user034\andr\PXL_20211130_130038295.LS.mp4,0
dataset/rose_p3\outline3d\user034\andr\PXL_20211130_130049251.LS.mp4,0
dataset/rose_p3\outline3d\user034\andr\PXL_20211130_130110235.LS.mp4,0
dataset/rose_p3\outline3d\user034\andr\PXL_20211130_130258740.LS.mp4,0
dataset/rose_p3\outline3d\user034\ios\1638264682_0.0013_False.mp4,0
dataset/rose_p3\outline3d\user034\ios\1638264738_0.0035_False.mp4,0
dataset/rose_p3\outline3d\user034\ios\1638264875_0.0004_False.mp4,0
dataset/rose_p3\outline3d\user034\ios\1638264909_0.0025_False.mp4,0
dataset/rose_p3\outline3d\user034\ios\1638264942_0.0008_False.mp4,0
dataset/rose_p3\outline3d\user034\ios\1638264971_0.0010_False.mp4,0
dataset/rose_p3\outline3d\user034\ios\1638265121_0.0006_False.mp4,0
dataset/rose_p3\outline3d\user034\ios\1638265164_0.0003_False.mp4,0
dataset/rose_p3\outline3d\user034\ios\1638265186_0.0003_False.mp4,0
dataset/rose_p3\outline3d\user034\ios\1638265233_0.0025_False.mp4,0
dataset/rose_p3\outline3d\user035\andr\PXL_20211130_093220837.mp4,0
dataset/rose_p3\outline3d\user035\andr\PXL_20211130_093243718.mp4,0
dataset/rose_p3\outline3d\user035\andr\PXL_20211130_093427566.mp4,0
dataset/rose_p3\outline3d\user035\andr\PXL_20211130_093451144.mp4,0
dataset/rose_p3\outline3d\user035\andr\PXL_20211130_093504934.mp4,0
dataset/rose_p3\outline3d\user035\andr\PXL_20211130_093534723.mp4,0
dataset/rose_p3\outline3d\user035\andr\PXL_20211130_093723043.mp4,0
dataset/rose_p3\outline3d\user035\andr\PXL_20211130_093743096.mp4,0
dataset/rose_p3\outline3d\user035\andr\PXL_20211130_093802911.mp4,0
dataset/rose_p3\outline3d\user035\andr\PXL_20211130_093838968.mp4,0
dataset/rose_p3\outline3d\user035\andr\PXL_20211130_094047825.mp4,0
dataset/rose_p3\outline3d\user035\andr\PXL_20211130_094106935.mp4,0
dataset/rose_p3\outline3d\user035\andr\PXL_20211130_094142613.mp4,0
dataset/rose_p3\outline3d\user035\andr\PXL_20211130_094202605.mp4,0
dataset/rose_p3\outline3d\user035\ios\1638277055_0.0186_False.mp4,0
dataset/rose_p3\outline3d\user035\ios\1638277068_0.1026_False.mp4,0
dataset/rose_p3\outline3d\user035\ios\1638277150_0.5648_False.mp4,0
dataset/rose_p3\outline3d\user035\ios\1638277162_0.0121_False.mp4,0
dataset/rose_p3\outline3d\user035\ios\1638277181_0.0030_False.mp4,0
dataset/rose_p3\outline3d\user035\ios\1638277196_0.0007_False.mp4,0
dataset/rose_p3\outline3d\user035\ios\1638277258_0.1592_False.mp4,0
dataset/rose_p3\outline3d\user035\ios\1638277268_0.2124_False.mp4,0
dataset/rose_p3\outline3d\user035\ios\1638277279_0.0077_False.mp4,0
dataset/rose_p3\outline3d\user035\ios\1638277294_0.3552_False.mp4,0
dataset/rose_p3\outline3d\user035\ios\1638277368_0.4023_False.mp4,0
dataset/rose_p3\outline3d\user035\ios\1638277381_0.0035_False.mp4,0
dataset/rose_p3\real\user034\andr\PXL_20211130_122912267.mp4,1
dataset/rose_p3\real\user034\andr\PXL_20211130_122946913.mp4,1
dataset/rose_p3\real\user034\andr\PXL_20211130_123003473.mp4,1
dataset/rose_p3\real\user034\andr\PXL_20211130_123029298.mp4,1
dataset/rose_p3\real\user034\andr\PXL_20211130_123033455.mp4,1
dataset/rose_p3\real\user034\andr\PXL_20211130_123037690.mp4,1
dataset/rose_p3\real\user034\andr\PXL_20211130_123043014.mp4,1
dataset/rose_p3\real\user034\andr\PXL_20211130_123048804.mp4,1
dataset/rose_p3\real\user034\andr\PXL_20211130_123129676.mp4,1
dataset/rose_p3\real\user034\andr\PXL_20211130_123134796.mp4,1
dataset/rose_p3\real\user034\andr\PXL_20211130_123211565.mp4,1
dataset/rose_p3\real\user034\andr\PXL_20211130_123214796.mp4,1
dataset/rose_p3\real\user034\andr\PXL_20211130_123249950.mp4,1
dataset/rose_p3\real\user034\andr\PXL_20211130_123254358.mp4,1
dataset/rose_p3\real\user034\andr\PXL_20211130_123334024.mp4,1
dataset/rose_p3\real\user034\andr\PXL_20211130_123339246.mp4,1
dataset/rose_p3\real\user034\andr\PXL_20211130_123419145.mp4,1
dataset/rose_p3\real\user034\andr\PXL_20211130_123424089.mp4,1
dataset/rose_p3\real\user034\andr\PXL_20211130_123511999.mp4,1
dataset/rose_p3\real\user034\andr\PXL_20211130_123515860.mp4,1
dataset/rose_p3\real\user034\andr\PXL_20211130_123544316.mp4,1
dataset/rose_p3\real\user034\andr\PXL_20211130_123554115.mp4,1
dataset/rose_p3\real\user034\andr\PXL_20211130_123623589.mp4,1
dataset/rose_p3\real\user034\andr\PXL_20211130_123627409.mp4,1
dataset/rose_p3\real\user034\andr\PXL_20211130_123840571.mp4,1
dataset/rose_p3\real\user034\andr\PXL_20211130_123845428.mp4,1
dataset/rose_p3\real\user034\andr\PXL_20211130_123931532.mp4,1
dataset/rose_p3\real\user034\andr\PXL_20211130_123935135.mp4,1
dataset/rose_p3\real\user034\andr\PXL_20211130_123938406.mp4,1
dataset/rose_p3\real\user034\andr\PXL_20211130_123941771.mp4,1
dataset/rose_p3\real\user034\andr\PXL_20211130_123945387.mp4,1
dataset/rose_p3\real\user034\andr\PXL_20211130_123949207.mp4,1
dataset/rose_p3\real\user034\andr\PXL_20211130_123953110.mp4,1
dataset/rose_p3\real\user034\andr\PXL_20211130_123957134.mp4,1
dataset/rose_p3\real\user034\andr\PXL_20211130_124000762.mp4,1
dataset/rose_p3\real\user034\andr\PXL_20211130_124004678.mp4,1
dataset/rose_p3\real\user034\ios\1638262330_0.9814_True.mp4,1
dataset/rose_p3\real\user034\ios\1638262343_0.9805_True.mp4,1
dataset/rose_p3\real\user034\ios\1638262359_0.9748_True.mp4,1
dataset/rose_p3\real\user034\ios\1638262461_0.9812_True.mp4,1
dataset/rose_p3\real\user034\ios\1638262476_0.9838_True.mp4,1
dataset/rose_p3\real\user034\ios\1638262490_0.9845_True.mp4,1
dataset/rose_p3\real\user034\ios\1638262618_0.9633_True.mp4,1
dataset/rose_p3\real\user034\ios\1638262636_0.9498_True.mp4,1
dataset/rose_p3\real\user034\ios\1638262651_0.9428_True.mp4,1
dataset/rose_p3\real\user034\ios\1638262733_0.9118_True.mp4,1
dataset/rose_p3\real\user034\ios\1638262744_0.8247_False.mp4,1
dataset/rose_p3\real\user034\ios\1638262757_0.6542_False.mp4,1
dataset/rose_p3\real\user034\ios\1638262850_0.9170_True.mp4,1
dataset/rose_p3\real\user034\ios\1638262867_0.9356_True.mp4,1
dataset/rose_p3\real\user034\ios\1638262880_0.8119_False.mp4,1
dataset/rose_p3\real\user034\ios\1638262987_0.9848_True.mp4,1
dataset/rose_p3\real\user034\ios\1638263000_0.9857_True.mp4,1
dataset/rose_p3\real\user034\ios\1638263011_0.9854_True.mp4,1
dataset/rose_p3\real\user034\ios\1638263139_0.8270_False.mp4,1
dataset/rose_p3\real\user034\ios\1638263154_0.7117_False.mp4,1
dataset/rose_p3\real\user034\ios\1638263175_0.5188_False.mp4,1
dataset/rose_p3\real\user034\ios\1638263332_0.9538_True.mp4,1
dataset/rose_p3\real\user034\ios\1638263343_0.9595_True.mp4,1
dataset/rose_p3\real\user034\ios\1638263360_0.9603_True.mp4,1
dataset/rose_p3\real\user034\ios\1638263443_0.9022_True.mp4,1
dataset/rose_p3\real\user034\ios\1638263455_0.9141_True.mp4,1
dataset/rose_p3\real\user034\ios\1638263466_0.9371_True.mp4,1
dataset/rose_p3\real\user035\andr\PXL_20211130_085034116.mp4,1
dataset/rose_p3\real\user035\andr\PXL_20211130_085040472.mp4,1
dataset/rose_p3\real\user035\andr\PXL_20211130_085103754.mp4,1
dataset/rose_p3\real\user035\andr\PXL_20211130_085109589.mp4,1
dataset/rose_p3\real\user035\andr\PXL_20211130_085203342.mp4,1
dataset/rose_p3\real\user035\andr\PXL_20211130_085332598.mp4,1
dataset/rose_p3\real\user035\andr\PXL_20211130_085338324.mp4,1
dataset/rose_p3\real\user035\andr\PXL_20211130_085342419.mp4,1
dataset/rose_p3\real\user035\andr\PXL_20211130_085440303.mp4,1
dataset/rose_p3\real\user035\andr\PXL_20211130_085529037.mp4,1
dataset/rose_p3\real\user035\andr\PXL_20211130_085643403.mp4,1
dataset/rose_p3\real\user035\andr\PXL_20211130_085727159.mp4,1
dataset/rose_p3\real\user035\andr\PXL_20211130_085800544.mp4,1
dataset/rose_p3\real\user035\andr\PXL_20211130_090004743.mp4,1
dataset/rose_p3\real\user035\andr\PXL_20211130_090206920.mp4,1
dataset/rose_p3\real\user035\andr\PXL_20211130_090244609.mp4,1
dataset/rose_p3\real\user035\andr\PXL_20211130_090321399.mp4,1
dataset/rose_p3\real\user035\andr\PXL_20211130_090403765.mp4,1
dataset/rose_p3\real\user035\andr\PXL_20211130_090406385.mp4,1
dataset/rose_p3\real\user035\andr\PXL_20211130_090409153.mp4,1
dataset/rose_p3\real\user035\andr\PXL_20211130_090412857.mp4,1
dataset/rose_p3\real\user035\andr\PXL_20211130_090416119.mp4,1
dataset/rose_p3\real\user035\andr\PXL_20211130_090419859.mp4,1
dataset/rose_p3\real\user035\andr\PXL_20211130_090424274.mp4,1
dataset/rose_p3\real\user035\andr\PXL_20211130_090426925.mp4,1
dataset/rose_p3\real\user035\ios\1638275253_0.9860_True.mp4,1
dataset/rose_p3\real\user035\ios\1638275419_0.9884_True.mp4,1
dataset/rose_p3\real\user035\ios\1638275437_0.9881_True.mp4,1
dataset/rose_p3\real\user035\ios\1638275450_0.9807_True.mp4,1
dataset/rose_p3\real\user035\ios\1638275468_0.9859_True.mp4,1
dataset/rose_p3\real\user035\ios\1638275482_0.9788_True.mp4,1
dataset/rose_p3\real\user035\ios\1638275515_0.9876_True.mp4,1
dataset/rose_p3\real\user035\ios\1638275529_0.9870_True.mp4,1
dataset/rose_p3\real\user035\ios\1638280728_0.9564_True.mp4,1
dataset/rose_p3\real\user035\ios\1638280741_0.9632_True.mp4,1
dataset/rose_p3\real\user035\ios\1638280752_0.9798_True.mp4,1
dataset/rose_p3\real\user035\ios\1638280763_0.9751_True.mp4,1
dataset/rose_p3\real\user035\ios\1638280773_0.9697_True.mp4,1
dataset/rose_p3\real\user035\ios\1638280785_0.9772_True.mp4,1
dataset/rose_p3\real\user035\ios\1638280795_0.9165_True.mp4,1
dataset/rose_p3\real\user035\ios\1638280807_0.9426_True.mp4,1
